1181.png,ABMM.png
1182.png,ACES.png
1183.png,ACST.png
1184.png,ADES.png
1185.png,ADHI.png
1186.png,ADMF.png
1187.png,ADMG.png
1188.png,ADRO.png
1189.png,AGII.png
1191.png,AGRS.png
1192.png,AHAP.png
1193.png,AIMS.png
1194.png,AISA.png
1195.png,AKKU.png
1196.png,AKPI.png
1197.png,AKRA.png
1198.png,AKSI.png
1199.png,ALDO.png
1200.png,ALKA.png
1201.png,ALMI.png
1202.png,ALTO.png
1203.png,AMAG.png
1204.png,AMFG.png
1205.png,AMIN.png
1206.png,AMRT.png
1207.png,ANJT.png
1208.png,ANTM.png
1209.png,APEX.png
1210.png,APIC.png
1211.png,APII.png
1212.png,APLI.png
1213.png,APLN.png
1214.png,APOL.png
1215.png,ARGO.png
1216.png,ARII.png
1217.jpg,ARMY.jpg
1218.png,ARNA.png
1219.png,ARTA.png
1220.jpg,ARTI.jpg
1930.png,ROCK.png
1222.jpg,ASBI.jpg
1223.jpg,ASDM.jpg
1224.jpg,ASGR.jpg
1225.jpg,ASII.jpg
1226.jpg,ASJT.jpg
1227.jpg,ASMI.jpg
1228.jpg,ASRI.jpg
1229.jpg,ASRM.jpg
1230.jpg,ASSA.jpg
1231.jpg,ATIC.jpg
1232.jpg,ATPK.jpg
1233.jpg,AUTO.jpg
1234.jpg,BABP.jpg
1235.jpg,BACA.jpg
1236.jpg,BAJA.jpg
1237.jpg,BALI.jpg
1238.jpg,BAPA.jpg
1239.jpg,BATA.jpg
1240.jpg,BAYU.jpg
1241.jpg,BBCA.jpg
1242.jpg,BBHI.jpg
1243.jpg,BBKP.jpg
1244.jpg,BBLD.jpg
1245.jpg,BBMD.jpg
1246.jpg,BBNI.jpg
1247.jpg,BBNP.jpg
1248.jpg,BBRI.jpg
1249.jpg,BBRM.jpg
1250.jpg,BBTN.jpg
1251.jpg,BBYB.jpg
1252.png,BCAP.png
1253.png,BCIC.png
1254.jpg,BCIP.jpg
1255.jpg,BDMN.jpg
1256.jpg,BEKS.jpg
1257.jpg,BELL.jpg
1258.jpg,BEST.jpg
1259.jpg,BFIN.jpg
1260.jpg,BGTG.jpg
1261.png,BHIT.png
1262.jpg,BIKA.jpg
1263.jpg,BIMA.jpg
1264.jpg,BINA.jpg
1265.jpg,BIPI.jpg
2017.png,IBOS.png
1266.jpg,BIPP.jpg
1267.jpg,BIRD.jpg
1268.jpg,BISI.jpg
1269.jpg,BJBR.jpg
1270.jpg,BJTM.jpg
1271.jpg,BKDP.jpg
1272.jpg,BKSL.jpg
1273.jpg,BKSW.jpg
1274.jpg,BLTA.jpg
1275.jpg,BLTZ.jpg
1276.jpg,BMAS.jpg
1277.jpg,BMRI.jpg
1278.jpg,BMSR.jpg
1279.jpg,BMTR.jpg
1280.jpg,BNBA.jpg
1281.jpg,BNBR.jpg
1282.jpg,BNGA.jpg
1283.png,BNII.png
1284.jpg,BNLI.jpg
1285.png,BOGA.png
1286.jpg,BOLT.jpg
1287.jpg,BORN.jpg
1288.jpg,BOSS.jpg
1289.jpg,BPFI.jpg
1290.jpg,BPII.jpg
1291.jpg,BRAM.jpg
1292.jpg,BRAU.jpg
1293.jpg,BRMS.jpg
1294.jpg,BRNA.jpg
1295.jpg,BRPT.jpg
1296.jpg,BSDE.jpg
1297.jpg,BSIM.jpg
1298.jpg,BSSR.jpg
1299.jpg,BSWD.jpg
1300.jpg,BTEK.jpg
1301.jpg,BTEL.jpg
1302.jpg,BTON.jpg
1303.jpg,BTPN.jpg
1304.jpg,BUDI.jpg
1305.gif,BUKK.gif
1306.jpg,BULL.jpg
1307.jpg,BUMI.jpg
1308.png,BUVA.png
1309.jpg,BVIC.jpg
1310.jpg,BWPT.jpg
1311.jpg,BYAN.jpg
1312.jpg,CAMP.jpg
1313.jpg,CANI.jpg
1314.jpg,CARS.jpg
1315.png,CASA.png
1316.jpg,CASS.jpg
1317.jpg,CEKA.jpg
1318.jpg,CENT.jpg
1319.jpg,CFIN.jpg
1320.jpg,CINT.jpg
1321.JPG,CITA.JPG
1322.jpg,CKRA.jpg
1323.jpg,CLEO.jpg
1324.jpg,CLPI.jpg
1325.jpg,CMNP.jpg
1326.jpg,CMPP.jpg
1327.jpg,CNKO.jpg
1328.jpg,CNTX.jpg
1329.png,COWL.png
1330.jpg,CPGT.jpg
1331.jpg,CPIN.jpg
1332.jpg,CPRO.jpg
1333.jpg,CSAP.jpg
1334.jpg,CSIS.jpg
1335.jpg,CTBN.jpg
1336.jpg,CTRA.jpg
1337.jpg,CTRP.jpg
1338.jpg,CTRS.jpg
1339.jpg,CTTH.jpg
1340.jpg,DAJK.jpg
1341.jpg,DART.jpg
1342.jpg,DAYA.jpg
1343.png,DEFI.png
1344.jpg,DEWA.jpg
1345.jpg,DGIK.jpg
1346.jpg,DILD.jpg
1347.jpg,DKFT.jpg
1348.jpg,DLTA.jpg
1349.jpg,DMAS.jpg
1350.jpg,DNAR.jpg
1351.jpg,DNET.jpg
1352.jpg,DOID.jpg
1353.jpg,DPNS.jpg
1354.png,DPUM.png
1355.jpg,DSFI.jpg
1356.jpg,DSNG.jpg
1357.jpg,DSSA.jpg
1358.jpg,DUTI.jpg
1359.jpg,DVLA.jpg
1360.png,DWGL.png
1361.png,DYAN.png
1362.jpg,ECII.jpg
1363.jpg,EKAD.jpg
1364.jpg,ELSA.jpg
1365.jpg,ELTY.jpg
1366.jpg,EMDE.jpg
1367.jpg,EMTK.jpg
1368.jpg,ENRG.jpg
1369.jpg,EPMT.jpg
1370.jpg,ERAA.jpg
1371.jpg,ERTX.jpg
1372.jpg,ESSA.jpg
1373.jpg,ESTI.jpg
1374.jpg,ETWA.jpg
1375.jpg,EXCL.jpg
1376.jpg,FAST.jpg
1377.jpg,FASW.jpg
1378.jpg,FINN.jpg
1379.png,FIRE.png
1380.jpg,FISH.jpg
1381.jpg,FMII.jpg
1382.jpg,FORU.jpg
1383.png,FORZ.png
1384.jpg,FPNI.jpg
1385.jpg,FREN.jpg
1386.jpg,GAMA.jpg
1387.jpg,GDST.jpg
1388.jpg,GDYR.jpg
1389.jpg,GEMA.jpg
1390.jpg,GEMS.jpg
1391.jpg,GGRM.jpg
1392.jpg,GIAA.jpg
1393.jpg,GJTL.jpg
1394.jpg,GLOB.jpg
1395.jpg,GMCW.jpg
1396.jpg,GMFI.jpg
1397.jpg,GMTD.jpg
1398.jpg,GOLD.jpg
1399.jpg,GOLL.jpg
1400.jpg,GPRA.jpg
1401.jpg,GREN.jpg
1402.png,GSMF.png
1403.jpg,GTBO.jpg
1404.jpg,GWSA.jpg
1405.jpg,GZCO.jpg
1406.jpg,HADE.jpg
1407.jpg,HDFA.jpg
1408.jpg,hdtx.jpg
1409.jpg,HERO.jpg
1410.jpg,HEXA.jpg
1411.jpg,HITS.jpg
1412.jpg,HMSP.jpg
1413.png,HOKI.png
1414.png,HOME.png
1415.jpg,HOTL.jpg
1416.png,HRTA.png
1417.jpg,HRUM.jpg
1418.jpg,IATA.jpg
1419.jpg,IBFN.jpg
1420.jpg,IBST.jpg
1421.jpg,ICBP.jpg
1422.jpg,ICON.jpg
1423.gif,IDPR.gif
1424.jpg,IGAR.jpg
1425.jpg,IIKP.jpg
1426.jpg,IKAI.jpg
1427.jpg,IKBI.jpg
1428.jpg,IMAS.jpg
1429.jpg,IMJS.jpg
1430.jpg,IMPC.jpg
1431.jpg,INAF.jpg
1432.jpg,INAI.jpg
1433.jpg,INCF.jpg
1434.jpg,INCI.jpg
1435.jpg,INCO.jpg
1436.jpg,INDF.jpg
1437.jpg,INDR.jpg
1438.jpg,INDS.jpg
1439.jpg,INDX.jpg
1440.jpg,INDY.jpg
1441.jpg,INKP.jpg
1442.jpg,INPC.jpg
1443.jpg,INPP.jpg
1444.jpg,INRU.jpg
1445.jpg,INTA.jpg
1446.jpg,INTD.jpg
1447.jpg,INTP.jpg
1448.jpg,INVS.jpg
1449.png,IPCM.png
1450.jpg,IPOL.jpg
1451.jpg,ISAT.jpg
1452.jpg,ISSP.jpg
1453.jpg,ITMA.jpg
1454.jpg,ITMG.jpg
1455.jpg,ITTG.jpg
1456.jpg,JAWA.jpg
1457.jpg,JECC.jpg
1458.png,JGLE.png
1459.jpg,JIHD.jpg
1460.jpg,JKON.jpg
1461.jpg,JKSW.jpg
1462.jpg,JMAS.jpg
1463.jpg,JPFA.jpg
1464.jpg,JPRS.jpg
1465.jpg,JRPT.jpg
1466.jpg,JSMR.jpg
1467.jpg,JSPT.jpg
1468.jpg,JTPE.jpg
1469.jpg,KAEF.jpg
1470.jpg,KARW.jpg
1471.jpg,KBLI.jpg
1472.jpg,KBLM.jpg
1473.jpg,KBLV.jpg
1474.jpg,KBRI.jpg
1475.jpg,KDSI.jpg
1476.jpg,KIAS.jpg
1477.jpg,KICI.jpg
1478.jpg,KIJA.jpg
1479.jpg,KINO.jpg
1480.png,KIOS.png
1481.jpg,KKGI.jpg
1482.jpg,KLBF.jpg
1483.jpg,KMTR.jpg
1484.jpg,KOBX.jpg
1485.jpg,KOIN.jpg
1486.jpg,KONI.jpg
1487.png,KOPI.png
1488.jpg,KPIG.jpg
1489.jpg,KRAH.jpg
1490.jpg,KRAS.jpg
1491.jpg,KREN.jpg
1492.jpg,LAMI.jpg
1493.jpg,LAPD.jpg
1494.jpg,LCGP.jpg
1495.jpg,LEAD.jpg
1496.jpg,LINK.jpg
1497.jpg,LION.jpg
1498.jpg,LMAS.jpg
1499.jpg,LMPI.jpg
1500.jpg,LMSH.jpg
1501.jpg,LPCK.jpg
1502.jpg,LPGI.jpg
1503.jpg,LPIN.jpg
1504.jpg,LPKR.jpg
1505.jpg,LPLI.jpg
1506.jpg,LPPF.jpg
1507.jpg,LPPS.jpg
1508.jpg,LRNA.jpg
1509.jpg,LSIP.jpg
1510.jpg,LTLS.jpg
1511.png,MABA.png
1512.jpg,MAGP.jpg
1513.jpg,MAIN.jpg
1514.png,MAMI.png
1515.png,MAPB.png
1516.jpg,MAPI.jpg
1517.png,MARI.png
1518.png,MARK.png
1519.jpg,MASA.jpg
1520.jpg,MAYA.jpg
1521.jpg,MBAP.jpg
1522.jpg,MBSS.jpg
1523.jpg,MBTO.jpg
1524.png,MCAS.png
1525.jpg,MCOR.jpg
1526.jpg,MDIA.jpg
1527.jpg,MDKA.jpg
1528.png,MDKI.png
1529.jpg,MDLN.jpg
1530.jpg,MDRN.jpg
1531.jpg,MEDC.jpg
1532.jpg,MEGA.jpg
1533.jpg,MERK.jpg
1534.jpg,META.jpg
1535.jpg,MFIN.jpg
1536.jpg,MFMI.jpg
1537.jpg,MGNA.jpg
1538.jpg,MICE.jpg
1539.jpg,MIDI.jpg
1540.jpg,MIKA.jpg
1541.jpg,MINA.jpg
1542.jpg,MIRA.jpg
1543.jpg,MITI.jpg
1544.jpg,MKNT.jpg
1545.jpg,MKPI.jpg
1546.jpg,MLBI.jpg
1547.jpg,MLIA.jpg
1548.jpg,MLPL.jpg
1549.jpg,MLPT.jpg
1550.jpg,MMLP.jpg
1551.jpg,MNCN.jpg
1552.jpg,MPMX.jpg
1553.png,MPOW.png
1554.jpg,MPPA.jpg
1555.jpg,MRAT.jpg
1556.jpg,MREI.jpg
1557.jpg,MSKY.jpg
1558.jpg,MTDL.jpg
1559.jpg,MTFN.jpg
1560.jpg,MTLA.jpg
1561.png,MTRA.png
1562.jpg,MTSM.jpg
1563.jpg,MTWI.jpg
1564.jpg,MYOH.jpg
1565.jpg,MYOR.jpg
1566.jpg,MYRX.jpg
1567.jpg,MYTX.jpg
1568.jpg,NAGA.jpg
1569.jpg,NASA.jpg
1570.jpg,NELY.jpg
1571.jpg,NIKL.jpg
1572.jpg,NIPS.jpg
1573.jpg,NIRO.jpg
1574.png,NISP.png
1575.jpg,NOBU.jpg
1576.jpg,NRCA.jpg
1577.png,OASA.png
1578.jpg,OCAP.jpg
1579.jpg,OKAS.jpg
1580.jpg,OMRE.jpg
1581.jpg,PADI.jpg
1582.jpg,PALM.jpg
1583.jpg,PANR.jpg
1584.jpg,PANS.jpg
1585.png,PBID.png
1586.jpg,PBRX.jpg
1587.png,PBSA.png
1588.png,PCAR.png
1589.jpg,PDES.jpg
1590.jpg,PEGE.jpg
2018.png,WINR.png
1592.jpg,PGLI.jpg
1593.jpg,PICO.jpg
1594.jpg,PJAA.jpg
1595.jpg,PKPK.jpg
1596.jpg,PLAS.jpg
1597.jpg,PLIN.jpg
1598.jpg,PNBN.jpg
1599.jpg,PNBS.jpg
1600.jpg,PNIN.jpg
1601.jpg,PNLF.jpg
1602.jpg,PNSE.jpg
1603.jpg,POLY.jpg
1604.jpg,POOL.jpg
1605.png,PORT.png
1606.jpg,POWR.jpg
1607.png,PPRE.png
1608.png,PPRO.png
1609.jpg,PRAS.jpg
1610.png,PRDA.png
1611.jpg,PSAB.jpg
1612.jpg,PSDN.jpg
1613.jpg,PSKT.jpg
1614.jpg,PSSI.jpg
1615.jpg,PTBA.jpg
1616.jpg,PTIS.jpg
1617.jpg,PTPP.jpg
1618.jpg,PTRO.jpg
1619.jpg,PTSN.jpg
1620.jpg,PTSP.jpg
1621.jpg,PUDP.jpg
1622.jpg,PWON.jpg
1623.jpg,PYFA.jpg
1624.jpg,RAJA.jpg
1625.jpg,RALS.jpg
1626.jpg,RANC.jpg
1627.jpg,RBMS.jpg
1628.jpg,RDTX.jpg
1629.jpg,RELI.jpg
1630.jpg,RICY.jpg
1631.jpg,RIGS.jpg
1825.png,COCO.png
1633.jpg,RMBA.jpg
1634.jpg,RODA.jpg
1635.jpg,ROTI.jpg
1636.jpg,RUIS.jpg
1637.jpg,safe.jpg
1638.jpg,SAME.jpg
1639.jpg,SCBD.jpg
1640.jpg,SCCO.jpg
1641.jpg,SCMA.jpg
1642.jpg,SCPI.jpg
1643.jpg,SDMU.jpg
1644.jpg,SDPC.jpg
1645.jpg,SDRA.jpg
1646.jpg,SGRO.jpg
1647.jpg,SHID.jpg
1648.png,SHIP.png
1649.jpg,SIAP.jpg
1650.jpg,SIDO.jpg
1651.jpg,SILO.jpg
1652.jpg,SIMA.jpg
1653.jpg,SIMM.jpg
1654.jpg,SIMP.jpg
1655.jpg,SIPD.jpg
1656.jpg,SKBM.jpg
1657.jpg,SKLT.jpg
1658.jpg,SKYB.jpg
1659.jpg,SMAR.jpg
1670.jpg,SOBI.jpg
1671.jpg,SOCI.jpg
1672.jpg,SONA.jpg
1673.jpg,SPMA.jpg
1674.jpg,SQBB.jpg
1675.jpg,SQMI.jpg
1676.jpg,SRAJ.jpg
1677.jpg,SRIL.jpg
1678.jpg,SRSN.jpg
1679.jpg,SRTG.jpg
1680.jpg,SSIA.jpg
1681.jpg,SSMS.jpg
1682.jpg,SSTM.jpg
1683.jpg,STAR.jpg
1684.jpg,STTP.jpg
1685.jpg,SUGI.jpg
1826.png,JAYA.png
1833.jpg,BOLA.jpg
1765.png,HELI.png
1775.png,PRIM.png
1785.jpg,TCPI.jpg
1794.png,ANDI.png
1810.png,CAKK.png
1812.png,SATU.png
1843.png,EAST.png
1844.png,FUJI.png
1853.jpg,SQBI.jpg
1864.png,GGRP.png
1881.svg,AMAR.svg
1950.png,LFLO.png
1885.png,TRIN.png
1951.png,FIMP.png
1900.png,AMAN.png
1910.png,BHAT.png
1912.png,CASH.png
1918.jpg,PGUN.jpg
1827.png,MTPS.png
1760.png,AALI.png
1766.png,JSKY.png
2026.png,DEWI.png
2027.png,AXIO.png
2028.jpg,KRYA.jpg
2029.png,HATM.png
2030.png,RCCC.png
2031.png,JARR.png
2032.png,AMMS.png
2033.png,RAFI.png
2034.png,MORA.png
2035.jpg,KKES.jpg
1776.png,HEAL.png
1786.png,BPTR.png
1795.png,LAND.png
1813.png,DEAL.png
1834.png,SFAN.png
1845.png,KOTA.png
1886.png,DMND.png
1855.jpg,CCSI.jpg
1865.png,TFAS.png
1892.jpg,IKAN.jpg
1952.png,TAPG.png
1991.png,BSML.png
2019.png,MTMH.png
1995.png,DRMA.png
1996.png,ADMR.png
1997.png,SEMA.png
1998.png,ASLC.png
1999.png,NETV.png
2000.png,ENAK.png
2001.png,BAUT.png
2002.png,NTBK.png
2020.png,OLIV.png
2005.png,ADCP.png
2006.jpg,SMKM.jpg
2007.png,STAA.png
2008.png,NANO.png
2009.png,BIKE.png
2010.jpg,AGRO.jpg
2011.png,PGAS.png
2012.png,WIRG.png
2013.png,GOTO.png
2014.png,SICO.png
2015.png,TLDN.png
2021.png,ASHA.png
2022.png,SWID.png
2023.png,TRGU.png
2024.png,ARKO.png
2025.png,CHEM.png
1878.png,GLVA.png
1879png,CSR.png
1880.png,PGJO.png
1882.png,INDO.png
2036.png,ELPI.png
2037.png,EURO.png
2038.png,TOOL.png
2039.png,BUAH.png
2040.jpg,KLIN.jpg
2041.png,MEDS.png.png
2042.png,CRAB.png
2043.png,COAL.png
1767.jpg,INPS.jpg
1777.png,PZZA.png
1787.png,IPCC.png
1796.png,MOLI.png
1814.png,POLA.png
1828.png,CPRI.png
1829.png,HRME.png
1835.jpg,POLU.jpg
1846.png,LIFE.png
1866.jpg,BAPI.jpg
1953.png,NPGF.png
1954.png,HOPE.png
1955.png,LUCY.png
1956.png,MGLV.png
1993.png,NASI.png
1958.png,ARCI.png
1959.png,MASB.png
1960.png,IPAC.png
1961.png,TRUE.png
1962.png,LABA.png
1963.png,FLMC.png
1965.png,BMHS.png
2004.png,TOBA.png
1967.png,BUKA.png
1968.png,UVCR.png
1969.png,OILS.png
1970.png,RSGK.png
1971.png,RUNS.png
1972.png,GPSO.png
1973.gif,CMNT.gif
1974.png,MCOL.png
1975.png,SBMA.png
1976.png,GTSI.png
1977.png,HAIS.png
1978.png,IDEA.png
1979.png,KUAS.png
1980.png,BOBA.png
1981.png,MTEL.png
1982.png,BINO.png
1983.png,DEPO.png
1984.png,WMPP.png
1985.png,CMRY.png
1986.png,TAYS.png
1823.png,BEEF.png
1745.jpg,WINS.jpg
1746.jpg,WOMF.jpg
1747.png,WOOD.png
1748.png,WSBP.png
1749.jpg,WSKT.jpg
1750.jpg,WTON.jpg
1751.jpg,YPAS.jpg
1752.jpg,YULE.jpg
1753.jpg,ZBRA.jpg
1754.png,ZINC.png
1832.png,FITT.png
1841.png,ENVY.png
1842.png,IPTV.png
1763.png,SOSS.png
1764_log,site_logo_ctx.png
1774.png,SPTO.png
1784.png,MAPA.png
1793.png,FILM.png
1803.png,HKMU.png
1804.png,MPRO.png
1805.png,DUCK.png
1806.png,GOOD.png
1807.png,SKRN.png
1808.png,YELO.png
1852.png,POLI.png
1811.png,LCKM.png
1821.png,FOOD.png
1822.png,RIMO.png
1863.png,OPMS.png
1876.jpg,DIPO.jpg
1877.gif,UNID.gif
1987.png,WGSH.png
1988.png,RMKE.png
1989.png,AVIA.png
1990.png,OBMD.png
1768.jpg,GHON.jpg
1778.png,TRUK.png
1788.png,RISE.png
1797.png,DIGI.png
1815.png,DIVA.png
1830.png,POSA.png
1836.jpg,KJEN.jpg
1847.png,ARKA.png
1856.png,WOWS.png
1858.png,DMMX.png
1867.png,KEEN.png
1868.png,TEBE.png
1870.png,KEJU.png
1871.png,PSGO.png
1872.jpg,AGAR.jpg
1873.jpg,IFSH.jpg
1874.png,REAL.png
1875.png,IFII.png
1964.png,NICL.png
1994.png,IPPE.png
1769.png,TDPM.png
1779.png,TUGU.png
1789.png,POLL.png
1798.png,PANI.png
1816.png,LUCK.png
1831.png,JAST.png
1837.png,ITIC.png
1848.png,INOV.png
1857.jpe,SINI.jpeg
1859.png,IRRA.png
1869.png,ESIP.png
1770.png,DFAM.png
1780.jpe,KPAL.jpeg
1781.png,MSIN.png
1790.png,MGRO.png
1799.png,CITY.png
1817.png,SOTS.png
1818.jpg,URBN.jpg
1838.png,KAYU.png
1849.png,SMKL.png
1860.png,PURE.png
1771.png,NICK.png
1782.png,SWAT.png
1716.jpg,TPMA.jpg
1717.jpg,TRAM.jpg
1718.jpg,TRIL.jpg
1719.jpg,TRIM.jpg
1720.jpg,TRIO.jpg
1721.jpg,TRIS.jpg
1722.jpg,TRST.jpg
1736.jpg,VIVA.jpg
1737.jpg,VOKS.jpg
1738.jpg,VRNA.jpg
1903.png,KBAG.png
1904.png,SBAT.png
1926.png,SCNP.png
1906.png,RONY.png
1907.png,CBMF.png
1908.png,CSMI.png
1909.png,BBSS.png
1927.png,PURI.png
1913.png,TECH.png
1914-col,logo-color.png
1915.jpg,EPAC.jpg
1916.jpg,UANG.jpg
1917.png,SOFA.png
1919.png,PPGL.png
1920.png,TOYS.png
1921.png,SGER.png
1928.png,SOHO.png
1929.png,HOMI.png
1931.png,ENZO.png
1932.png,PLAN.png
1933.png,PTDU.png
1934.png,ATAP.png
1935.png,VICI.png
1936.png,PMMP.png
1937.png,WIFI.png
1938.png,FAPA.png
1939.png,DCII.png
1940.png,DGNS.png
1941.jpg,BANK.jpg
1922.png,TRJA.png
1687.jpg,SUPR.jpg
1688.png,TALF.png
1689.jpg,TAMU.jpg
1690.jpg,TARA.jpg
1691.jpg,TAXI.jpg
1692.jpg,TBIG.jpg
1693.jpg,TBLA.jpg
1694.jpg,TBMS.jpg
1695.jpg,TCID.jpg
1696.jpg,TELE.jpg
1697.jpg,TFCO.jpg
1698.jpg,TGKA.jpg
1699.png,TGRA.png
1660.jpg,SMBR.jpg
1661.jpg,SMCB.jpg
1662.jpg,SMDM.jpg
1663.jpg,SMDR.jpg
1664.jpg,SMGR.jpg
1665.jpg,SMMA.jpg
1666.jpg,SMMT.jpg
1667.jpg,SMRA.jpg
1668.jpg,SMRU.jpg
1669.jpg,SMSM.jpg
1791.png,NFCX.png
1800.png,SAPX.png
1801.png,KPAS.png
1802.jpg,SURE.jpg
1819.jpg,ZONE.jpg
1839.png,PAMG.png
1850.png,HDIT.png
1861.png,SLIS.png
1772.png,BTPS.png
1783.png,TNCA.png
1792.png,NUSA.png
1820.png,PEHA.png
1840.png,BLUE.png
1851.png,NATO.png
1862.png,NZIA.png
1686.jpg,SULI.jpg
1700.jpg,TIFA.jpg
1701.jpg,TINS.jpg
1702.jpg,TIRA.jpg
1703.jpg,TIRT.jpg
1704.png,TKGA.png
1705.jpg,TKIM.jpg
1706.jpg,TLKM.jpg
1707.jpg,TMAS.jpg
1708.jpg,TMPI.jpg
1709.jpg,TMPO.jpg
1711.png,TOPS.png
1712.jpg,TOTL.jpg
1713.jpg,TOTO.jpg
1714.png,TOWR.png
1715.jpg,TPIA.jpg
1723.jpg,TRUB.jpg
1724.jpg,TRUS.jpg
1725.jpg,TSPC.jpg
1726.jpg,TURI.jpg
1727.jpg,ULTJ.jpg
1728.jpg,UNIC.jpg
1729.jpg,UNIT.jpg
1730.jpg,UNSP.jpg
1731.jpg,UNTR.jpg
1732.jpg,UNTX.jpg
1733.jpg,UNVR.jpg
1734.jpg,VICO.jpg
1735.png,VINS.png
1942.png,UFOE.png
1943.jpg,BRIS.jpg
1944.png,WMUU.png
1945.png,EDGE.png
1946.png,SNLK.png
1947.png,UNIQ.png
1948.png,BEBS.png
1949.png,ZYRX.png
1824.jpg,CLAY.jpg
1179.png,ABBA.png
1180.png,ABDA.png
1739.jpg,WAPO.jpg
1740.png,WEGE.png
1741.jpg,WEHA.jpg
1742.jpg,WICO.jpg
1743.jpg,WIIM.jpg
1744.jpg,WIKA.jpg
1883.gif,AMOR.gif
1887.png,PURA.png
1888.png,TAMA.png
1889.png,PTPW.png
1890.png,AYLS.png
1893.png,DADA.png
1894.png,ASPI.png
1923.png,PNGO.png
1896.png,BESS.png
1897.png,ESTA.png
1924.png,KMDS.png
1899.png,CARE.png
1925.png,BBSI.png
1902.png,SAMF.png